ratio,input_id,start_position,sequence_length,prefix_length,eval_length,expected_kept_tokens_per_layer,avg_actual_kept_tokens_per_layer,min_actual_kept_tokens_per_layer,max_actual_kept_tokens_per_layer,actual_keep_fraction,estimated_kv_cache_mb,baseline_token_nll_mean,baseline_logit_entropy_mean,peak_process_rss_mb_delta,peak_mps_driver_allocated_mb_delta
0.0,0,0,2048,1984,64,1984,1984.0,1984,1984,1.0,23.25,2.9148097038269043,2.1638498306274414,13.359375,1672.03125
0.0,1,2048,2048,1984,64,1984,1984.0,1984,1984,1.0,23.25,1.8112813234329224,1.9852638244628906,15.609375,1673.046875
0.0,2,4096,2048,1984,64,1984,1984.0,1984,1984,1.0,23.25,1.7902463674545288,2.052121162414551,15.71875,1673.046875
0.0,3,6144,2048,1984,64,1984,1984.0,1984,1984,1.0,23.25,2.858738899230957,2.925771951675415,15.765625,1673.046875
0.0,4,8192,2048,1984,64,1984,1984.0,1984,1984,1.0,23.25,3.0339717864990234,2.879465103149414,15.84375,1673.046875
0.0,5,10240,2048,1984,64,1984,1984.0,1984,1984,1.0,23.25,1.8208153247833252,1.9170268774032593,16.0,1673.046875
0.0,6,12288,2048,1984,64,1984,1984.0,1984,1984,1.0,23.25,0.6006494164466858,0.8710830211639404,16.125,1673.046875
0.0,7,14336,2048,1984,64,1984,1984.0,1984,1984,1.0,23.25,3.112318992614746,2.543018341064453,16.265625,1673.046875
0.0,8,16384,2048,1984,64,1984,1984.0,1984,1984,1.0,23.25,3.1014316082000732,2.5797319412231445,16.390625,1673.046875
0.0,9,18432,2048,1984,64,1984,1984.0,1984,1984,1.0,23.25,2.254091501235962,2.368074655532837,16.453125,1673.046875
0.0,10,20480,2048,1984,64,1984,1984.0,1984,1984,1.0,23.25,2.0106945037841797,2.16684627532959,16.59375,1673.046875
0.0,11,22528,2048,1984,64,1984,1984.0,1984,1984,1.0,23.25,2.8889613151550293,2.763232707977295,16.640625,1673.046875
0.0,12,24576,2048,1984,64,1984,1984.0,1984,1984,1.0,23.25,2.768782615661621,2.707700490951538,17.671875,1673.046875
0.0,13,26624,2048,1984,64,1984,1984.0,1984,1984,1.0,23.25,2.4610133171081543,2.3021984100341797,17.75,1673.046875
0.0,14,28672,2048,1984,64,1984,1984.0,1984,1984,1.0,23.25,1.9562764167785645,1.7762032747268677,17.828125,1673.046875
0.0,15,30720,2048,1984,64,1984,1984.0,1984,1984,1.0,23.25,1.947062611579895,1.7982661724090576,17.90625,1673.046875
0.0,16,32768,2048,1984,64,1984,1984.0,1984,1984,1.0,23.25,2.187248945236206,2.2235541343688965,17.9375,1673.046875
0.0,17,34816,2048,1984,64,1984,1984.0,1984,1984,1.0,23.25,2.0507335662841797,2.1707866191864014,18.0625,1673.046875
0.0,18,36864,2048,1984,64,1984,1984.0,1984,1984,1.0,23.25,2.2750916481018066,2.740048885345459,18.15625,1673.046875
0.0,19,38912,2048,1984,64,1984,1984.0,1984,1984,1.0,23.25,1.5557347536087036,1.709432601928711,18.296875,1673.046875
0.0,20,40960,2048,1984,64,1984,1984.0,1984,1984,1.0,23.25,1.8212076425552368,2.1007704734802246,18.328125,1673.046875
0.0,21,43008,2048,1984,64,1984,1984.0,1984,1984,1.0,23.25,2.431795597076416,2.726475238800049,18.375,1673.046875
0.0,22,45056,2048,1984,64,1984,1984.0,1984,1984,1.0,23.25,2.382230043411255,2.7530460357666016,18.453125,1673.046875
0.0,23,47104,2048,1984,64,1984,1984.0,1984,1984,1.0,23.25,2.947852373123169,2.4202721118927,18.5,1673.046875
0.0,24,49152,2048,1984,64,1984,1984.0,1984,1984,1.0,23.25,2.4162955284118652,2.520083427429199,18.53125,1673.046875
0.0,25,51200,2048,1984,64,1984,1984.0,1984,1984,1.0,23.25,2.1125755310058594,1.9813406467437744,18.65625,1673.046875
0.0,26,53248,2048,1984,64,1984,1984.0,1984,1984,1.0,23.25,2.0042762756347656,1.819441795349121,18.765625,1673.046875
0.0,27,55296,2048,1984,64,1984,1984.0,1984,1984,1.0,23.25,1.8092528581619263,2.1464924812316895,18.796875,1673.046875
0.0,28,57344,2048,1984,64,1984,1984.0,1984,1984,1.0,23.25,1.9569425582885742,2.208359479904175,18.96875,1673.046875
0.0,29,59392,2048,1984,64,1984,1984.0,1984,1984,1.0,23.25,2.7208521366119385,2.5159707069396973,19.015625,1673.046875
0.0,30,61440,2048,1984,64,1984,1984.0,1984,1984,1.0,23.25,2.3326773643493652,2.342282772064209,19.078125,1673.046875
0.0,31,63488,2048,1984,64,1984,1984.0,1984,1984,1.0,23.25,2.2011051177978516,2.311366319656372,19.15625,1673.046875
0.05,0,0,2048,1984,64,1884,1884.0,1884,1884,0.9495967741935484,22.078125,4.180757522583008,3.274778127670288,1.5625,616.015625
0.05,1,2048,2048,1984,64,1884,1884.0,1884,1884,0.9495967741935484,22.078125,2.2761354446411133,2.5423696041107178,11.515625,616.34375
0.05,2,4096,2048,1984,64,1884,1884.0,1884,1884,0.9495967741935484,22.078125,2.490025520324707,2.4409027099609375,24.078125,616.65625
0.05,3,6144,2048,1984,64,1884,1884.0,1884,1884,0.9495967741935484,22.078125,3.822753429412842,3.6517703533172607,38.453125,616.984375
0.05,4,8192,2048,1984,64,1884,1884.0,1884,1884,0.9495967741935484,22.078125,3.7174994945526123,3.414095640182495,49.0625,617.25
0.05,5,10240,2048,1984,64,1884,1884.0,1884,1884,0.9495967741935484,22.078125,2.6808271408081055,2.9891610145568848,63.265625,617.578125
0.05,6,12288,2048,1984,64,1884,1884.0,1884,1884,0.9495967741935484,22.078125,1.9395415782928467,1.5046175718307495,76.140625,617.875
0.05,7,14336,2048,1984,64,1884,1884.0,1884,1884,0.9495967741935484,22.078125,3.8227357864379883,3.2925033569335938,89.59375,618.1875
0.05,8,16384,2048,1984,64,1884,1884.0,1884,1884,0.9495967741935484,22.078125,3.938673496246338,3.3740592002868652,103.703125,618.515625
0.05,9,18432,2048,1984,64,1884,1884.0,1884,1884,0.9495967741935484,22.078125,2.922459363937378,2.9719161987304688,117.953125,618.84375
0.05,10,20480,2048,1984,64,1884,1884.0,1884,1884,0.9495967741935484,22.078125,3.028688907623291,3.128105640411377,130.859375,619.140625
0.05,11,22528,2048,1984,64,1884,1884.0,1884,1884,0.9495967741935484,22.078125,3.3557825088500977,3.38400936126709,143.671875,619.4375
0.05,12,24576,2048,1984,64,1884,1884.0,1884,1884,0.9495967741935484,22.078125,3.4208664894104004,3.2393174171447754,157.171875,619.75
0.05,13,26624,2048,1984,64,1884,1884.0,1884,1884,0.9495967741935484,22.078125,3.7064456939697266,3.7423031330108643,168.703125,620.015625
0.05,14,28672,2048,1984,64,1884,1884.0,1884,1884,0.9495967741935484,22.078125,3.204772472381592,2.7028393745422363,182.84375,620.34375
0.05,15,30720,2048,1984,64,1884,1884.0,1884,1884,0.9495967741935484,22.078125,2.6534183025360107,2.519145965576172,195.640625,620.640625
0.05,16,32768,2048,1984,64,1884,1884.0,1884,1884,0.9495967741935484,22.078125,3.157665967941284,2.9177188873291016,206.421875,621.015625
0.05,17,34816,2048,1984,64,1884,1884.0,1884,1884,0.9495967741935484,22.078125,2.989809513092041,3.067044973373413,217.28125,621.265625
0.05,18,36864,2048,1984,64,1884,1884.0,1884,1884,0.9495967741935484,22.078125,2.874730110168457,3.205430507659912,229.453125,621.546875
0.05,19,38912,2048,1984,64,1884,1884.0,1884,1884,0.9495967741935484,22.078125,2.5845892429351807,2.7517032623291016,241.578125,621.828125
0.05,20,40960,2048,1984,64,1884,1884.0,1884,1884,0.9495967741935484,22.078125,3.0750892162323,2.6888086795806885,253.765625,622.109375
0.05,21,43008,2048,1984,64,1884,1884.0,1884,1884,0.9495967741935484,22.078125,2.887810707092285,3.156452178955078,266.890625,622.421875
0.05,22,45056,2048,1984,64,1884,1884.0,1884,1884,0.9495967741935484,22.078125,3.596432685852051,3.3591678142547607,278.96875,622.703125
0.05,23,47104,2048,1984,64,1884,1884.0,1884,1884,0.9495967741935484,22.078125,3.382512331008911,2.8442375659942627,290.59375,622.96875
0.05,24,49152,2048,1984,64,1884,1884.0,1884,1884,0.9495967741935484,22.078125,2.952061176300049,3.102743148803711,301.703125,623.234375
0.05,25,51200,2048,1984,64,1884,1884.0,1884,1884,0.9495967741935484,22.078125,2.6982789039611816,2.832041025161743,313.21875,623.5
0.05,26,53248,2048,1984,64,1884,1884.0,1884,1884,0.9495967741935484,22.078125,2.908207893371582,2.5282106399536133,323.34375,623.734375
0.05,27,55296,2048,1984,64,1884,1884.0,1884,1884,0.9495967741935484,22.078125,3.2837610244750977,3.213209867477417,336.890625,624.046875
0.05,28,57344,2048,1984,64,1884,1884.0,1884,1884,0.9495967741935484,22.078125,3.1486129760742188,3.139498710632324,349.78125,624.34375
0.05,29,59392,2048,1984,64,1884,1884.0,1884,1884,0.9495967741935484,22.078125,3.437755584716797,3.0940089225769043,363.21875,624.65625
0.05,30,61440,2048,1984,64,1884,1884.0,1884,1884,0.9495967741935484,22.078125,3.1348626613616943,2.984694004058838,376.828125,624.96875
0.05,31,63488,2048,1984,64,1884,1884.0,1884,1884,0.9495967741935484,22.078125,2.4310302734375,2.7142739295959473,388.984375,625.25
0.1,0,0,2048,1984,64,1785,1785.0,1785,1785,0.8996975806451613,20.91796875,4.208901882171631,3.1718802452087402,4.421875,616.015625
0.1,1,2048,2048,1984,64,1785,1785.0,1785,1785,0.8996975806451613,20.91796875,2.4824869632720947,2.687802314758301,5.234375,616.015625
0.1,2,4096,2048,1984,64,1785,1785.0,1785,1785,0.8996975806451613,20.91796875,2.101017951965332,2.4689245223999023,5.46875,616.015625
0.1,3,6144,2048,1984,64,1785,1785.0,1785,1785,0.8996975806451613,20.91796875,3.611936569213867,3.419296979904175,5.671875,616.015625
0.1,4,8192,2048,1984,64,1785,1785.0,1785,1785,0.8996975806451613,20.91796875,4.508967876434326,3.8927836418151855,5.875,616.015625
0.1,5,10240,2048,1984,64,1785,1785.0,1785,1785,0.8996975806451613,20.91796875,2.6616077423095703,2.706814765930176,6.046875,616.015625
0.1,6,12288,2048,1984,64,1785,1785.0,1785,1785,0.8996975806451613,20.91796875,1.96190345287323,1.7094101905822754,6.125,616.015625
0.1,7,14336,2048,1984,64,1785,1785.0,1785,1785,0.8996975806451613,20.91796875,4.057903289794922,3.239159107208252,6.34375,616.015625
0.1,8,16384,2048,1984,64,1785,1785.0,1785,1785,0.8996975806451613,20.91796875,4.103784561157227,3.415170431137085,6.484375,616.015625
0.1,9,18432,2048,1984,64,1785,1785.0,1785,1785,0.8996975806451613,20.91796875,3.0518059730529785,3.1255061626434326,7.21875,616.015625
0.1,10,20480,2048,1984,64,1785,1785.0,1785,1785,0.8996975806451613,20.91796875,3.5126516819000244,3.3614425659179688,7.359375,616.015625
0.1,11,22528,2048,1984,64,1785,1785.0,1785,1785,0.8996975806451613,20.91796875,3.3823490142822266,3.436353921890259,7.53125,616.015625
0.1,12,24576,2048,1984,64,1785,1785.0,1785,1785,0.8996975806451613,20.91796875,3.494302272796631,3.490251064300537,7.75,616.015625
0.1,13,26624,2048,1984,64,1785,1785.0,1785,1785,0.8996975806451613,20.91796875,3.8462066650390625,3.6258320808410645,7.84375,616.015625
0.1,14,28672,2048,1984,64,1785,1785.0,1785,1785,0.8996975806451613,20.91796875,3.2374653816223145,2.532038688659668,7.921875,616.015625
0.1,15,30720,2048,1984,64,1785,1785.0,1785,1785,0.8996975806451613,20.91796875,2.602051258087158,2.665536403656006,8.015625,616.015625
0.1,16,32768,2048,1984,64,1785,1785.0,1785,1785,0.8996975806451613,20.91796875,3.5035881996154785,3.1964669227600098,8.15625,616.015625
0.1,17,34816,2048,1984,64,1785,1785.0,1785,1785,0.8996975806451613,20.91796875,2.5984044075012207,2.642778158187866,8.25,616.015625
0.1,18,36864,2048,1984,64,1785,1785.0,1785,1785,0.8996975806451613,20.91796875,3.004997730255127,3.3626890182495117,8.34375,616.015625
0.1,19,38912,2048,1984,64,1785,1785.0,1785,1785,0.8996975806451613,20.91796875,2.6833877563476562,2.785156011581421,8.484375,616.015625
0.1,20,40960,2048,1984,64,1785,1785.0,1785,1785,0.8996975806451613,20.91796875,2.9405040740966797,3.0595192909240723,8.8125,616.015625
0.1,21,43008,2048,1984,64,1785,1785.0,1785,1785,0.8996975806451613,20.91796875,3.1068053245544434,3.4148499965667725,8.9375,616.015625
0.1,22,45056,2048,1984,64,1785,1785.0,1785,1785,0.8996975806451613,20.91796875,3.5046610832214355,3.2124876976013184,9.078125,616.015625
0.1,23,47104,2048,1984,64,1785,1785.0,1785,1785,0.8996975806451613,20.91796875,3.617757797241211,2.9565553665161133,9.75,616.015625
0.1,24,49152,2048,1984,64,1785,1785.0,1785,1785,0.8996975806451613,20.91796875,3.4780983924865723,3.527916431427002,9.9375,616.015625
0.1,25,51200,2048,1984,64,1785,1785.0,1785,1785,0.8996975806451613,20.91796875,3.3258039951324463,3.137993335723877,10.109375,616.015625
0.1,26,53248,2048,1984,64,1785,1785.0,1785,1785,0.8996975806451613,20.91796875,3.1462364196777344,2.8750314712524414,10.234375,616.015625
0.1,27,55296,2048,1984,64,1785,1785.0,1785,1785,0.8996975806451613,20.91796875,3.626410961151123,3.4105076789855957,10.34375,616.015625
0.1,28,57344,2048,1984,64,1785,1785.0,1785,1785,0.8996975806451613,20.91796875,3.164762258529663,3.4101576805114746,10.453125,616.015625
0.1,29,59392,2048,1984,64,1785,1785.0,1785,1785,0.8996975806451613,20.91796875,3.597590684890747,3.1867949962615967,10.59375,616.015625
0.1,30,61440,2048,1984,64,1785,1785.0,1785,1785,0.8996975806451613,20.91796875,3.3486790657043457,3.258242607116699,10.703125,616.015625
0.1,31,63488,2048,1984,64,1785,1785.0,1785,1785,0.8996975806451613,20.91796875,2.837482452392578,2.9607906341552734,10.8125,616.015625
0.2,0,0,2048,1984,64,1587,1587.0,1587,1587,0.7998991935483871,18.59765625,4.556493759155273,3.351574182510376,0.140625,616.0
0.2,1,2048,2048,1984,64,1587,1587.0,1587,1587,0.7998991935483871,18.59765625,2.4192514419555664,2.649845600128174,0.359375,616.0
0.2,2,4096,2048,1984,64,1587,1587.0,1587,1587,0.7998991935483871,18.59765625,2.211301326751709,2.574334144592285,0.46875,616.0
0.2,3,6144,2048,1984,64,1587,1587.0,1587,1587,0.7998991935483871,18.59765625,3.8142242431640625,3.6680164337158203,0.546875,616.0
0.2,4,8192,2048,1984,64,1587,1587.0,1587,1587,0.7998991935483871,18.59765625,4.3085150718688965,3.8718738555908203,0.75,616.0
0.2,5,10240,2048,1984,64,1587,1587.0,1587,1587,0.7998991935483871,18.59765625,3.042497158050537,3.19526743888855,0.84375,616.0
0.2,6,12288,2048,1984,64,1587,1587.0,1587,1587,0.7998991935483871,18.59765625,2.186739444732666,2.0394091606140137,0.984375,616.0
0.2,7,14336,2048,1984,64,1587,1587.0,1587,1587,0.7998991935483871,18.59765625,4.385845184326172,3.5745856761932373,1.1875,616.0
0.2,8,16384,2048,1984,64,1587,1587.0,1587,1587,0.7998991935483871,18.59765625,4.0339155197143555,3.475405216217041,1.25,616.0
0.2,9,18432,2048,1984,64,1587,1587.0,1587,1587,0.7998991935483871,18.59765625,3.4366209506988525,3.073547840118408,1.484375,616.0
0.2,10,20480,2048,1984,64,1587,1587.0,1587,1587,0.7998991935483871,18.59765625,2.7501587867736816,2.734281063079834,1.640625,616.0
0.2,11,22528,2048,1984,64,1587,1587.0,1587,1587,0.7998991935483871,18.59765625,3.8180012702941895,3.36637282371521,1.828125,616.0
0.2,12,24576,2048,1984,64,1587,1587.0,1587,1587,0.7998991935483871,18.59765625,3.8592312335968018,3.6162571907043457,1.890625,616.0
0.2,13,26624,2048,1984,64,1587,1587.0,1587,1587,0.7998991935483871,18.59765625,3.733593225479126,3.42185640335083,2.078125,616.0
0.2,14,28672,2048,1984,64,1587,1587.0,1587,1587,0.7998991935483871,18.59765625,2.641425609588623,2.500178575515747,2.234375,616.0
0.2,15,30720,2048,1984,64,1587,1587.0,1587,1587,0.7998991935483871,18.59765625,3.3104562759399414,3.0277178287506104,2.34375,616.0
0.2,16,32768,2048,1984,64,1587,1587.0,1587,1587,0.7998991935483871,18.59765625,3.6464686393737793,3.3626129627227783,2.40625,616.0
0.2,17,34816,2048,1984,64,1587,1587.0,1587,1587,0.7998991935483871,18.59765625,2.958913564682007,3.023648738861084,2.53125,616.0
0.2,18,36864,2048,1984,64,1587,1587.0,1587,1587,0.7998991935483871,18.59765625,3.2053704261779785,3.343153238296509,2.828125,616.0
0.2,19,38912,2048,1984,64,1587,1587.0,1587,1587,0.7998991935483871,18.59765625,3.069509983062744,2.733215570449829,2.90625,616.0
0.2,20,40960,2048,1984,64,1587,1587.0,1587,1587,0.7998991935483871,18.59765625,2.622859477996826,2.7137234210968018,2.953125,616.0
0.2,21,43008,2048,1984,64,1587,1587.0,1587,1587,0.7998991935483871,18.59765625,3.3547706604003906,3.3390839099884033,3.09375,616.0
0.2,22,45056,2048,1984,64,1587,1587.0,1587,1587,0.7998991935483871,18.59765625,3.908439874649048,3.3948333263397217,3.203125,616.0
0.2,23,47104,2048,1984,64,1587,1587.0,1587,1587,0.7998991935483871,18.59765625,3.868044853210449,3.0094010829925537,3.46875,616.0
0.2,24,49152,2048,1984,64,1587,1587.0,1587,1587,0.7998991935483871,18.59765625,3.228374481201172,3.322009563446045,3.578125,616.0
0.2,25,51200,2048,1984,64,1587,1587.0,1587,1587,0.7998991935483871,18.59765625,3.3733835220336914,3.2127389907836914,3.71875,616.0
0.2,26,53248,2048,1984,64,1587,1587.0,1587,1587,0.7998991935483871,18.59765625,2.813504934310913,2.652900457382202,3.875,616.0
0.2,27,55296,2048,1984,64,1587,1587.0,1587,1587,0.7998991935483871,18.59765625,3.908095121383667,3.765111207962036,3.9375,616.0
0.2,28,57344,2048,1984,64,1587,1587.0,1587,1587,0.7998991935483871,18.59765625,3.0203258991241455,3.2297890186309814,4.078125,616.0
0.2,29,59392,2048,1984,64,1587,1587.0,1587,1587,0.7998991935483871,18.59765625,3.3787765502929688,2.974790573120117,4.265625,616.0
0.2,30,61440,2048,1984,64,1587,1587.0,1587,1587,0.7998991935483871,18.59765625,4.279777526855469,3.5687856674194336,4.328125,616.0
0.2,31,63488,2048,1984,64,1587,1587.0,1587,1587,0.7998991935483871,18.59765625,3.035691261291504,3.0543930530548096,4.484375,616.0
0.3,0,0,2048,1984,64,1388,1388.0,1388,1388,0.6995967741935484,16.265625,4.799837112426758,3.7271032333374023,4.015625,616.015625
0.3,1,2048,2048,1984,64,1388,1388.0,1388,1388,0.6995967741935484,16.265625,2.4168848991394043,2.783850908279419,4.546875,616.015625
0.3,2,4096,2048,1984,64,1388,1388.0,1388,1388,0.6995967741935484,16.265625,2.7928531169891357,2.9692671298980713,4.734375,616.015625
0.3,3,6144,2048,1984,64,1388,1388.0,1388,1388,0.6995967741935484,16.265625,3.465216636657715,3.668674945831299,4.8125,616.015625
0.3,4,8192,2048,1984,64,1388,1388.0,1388,1388,0.6995967741935484,16.265625,4.025279521942139,3.6392099857330322,4.875,616.015625
0.3,5,10240,2048,1984,64,1388,1388.0,1388,1388,0.6995967741935484,16.265625,3.2172982692718506,3.268192768096924,5.015625,616.015625
0.3,6,12288,2048,1984,64,1388,1388.0,1388,1388,0.6995967741935484,16.265625,1.927282691001892,2.0148184299468994,5.171875,616.015625
0.3,7,14336,2048,1984,64,1388,1388.0,1388,1388,0.6995967741935484,16.265625,3.6913223266601562,3.092041015625,5.234375,616.015625
0.3,8,16384,2048,1984,64,1388,1388.0,1388,1388,0.6995967741935484,16.265625,3.685110092163086,3.5197370052337646,5.40625,616.015625
0.3,9,18432,2048,1984,64,1388,1388.0,1388,1388,0.6995967741935484,16.265625,3.5604605674743652,3.4066896438598633,5.484375,616.015625
0.3,10,20480,2048,1984,64,1388,1388.0,1388,1388,0.6995967741935484,16.265625,3.31172513961792,3.1921215057373047,5.609375,616.015625
0.3,11,22528,2048,1984,64,1388,1388.0,1388,1388,0.6995967741935484,16.265625,3.321331024169922,3.344266891479492,5.90625,616.015625
0.3,12,24576,2048,1984,64,1388,1388.0,1388,1388,0.6995967741935484,16.265625,3.358448028564453,3.196660280227661,6.125,616.015625
0.3,13,26624,2048,1984,64,1388,1388.0,1388,1388,0.6995967741935484,16.265625,3.473926305770874,3.266277551651001,6.265625,616.015625
0.3,14,28672,2048,1984,64,1388,1388.0,1388,1388,0.6995967741935484,16.265625,2.9834108352661133,2.369368553161621,6.28125,616.015625
0.3,15,30720,2048,1984,64,1388,1388.0,1388,1388,0.6995967741935484,16.265625,2.9728684425354004,2.850719451904297,6.359375,616.015625
0.3,16,32768,2048,1984,64,1388,1388.0,1388,1388,0.6995967741935484,16.265625,4.108880043029785,3.595439910888672,7.03125,616.015625
0.3,17,34816,2048,1984,64,1388,1388.0,1388,1388,0.6995967741935484,16.265625,2.896822690963745,3.1428985595703125,7.421875,616.015625
0.3,18,36864,2048,1984,64,1388,1388.0,1388,1388,0.6995967741935484,16.265625,3.5182504653930664,3.2597787380218506,7.421875,616.015625
0.3,19,38912,2048,1984,64,1388,1388.0,1388,1388,0.6995967741935484,16.265625,2.424666166305542,2.739530563354492,7.453125,616.015625
0.3,20,40960,2048,1984,64,1388,1388.0,1388,1388,0.6995967741935484,16.265625,2.798696517944336,2.7274351119995117,7.546875,616.015625
0.3,21,43008,2048,1984,64,1388,1388.0,1388,1388,0.6995967741935484,16.265625,3.1210038661956787,3.2291817665100098,7.703125,616.015625
0.3,22,45056,2048,1984,64,1388,1388.0,1388,1388,0.6995967741935484,16.265625,3.385307788848877,3.3552074432373047,7.921875,616.015625
0.3,23,47104,2048,1984,64,1388,1388.0,1388,1388,0.6995967741935484,16.265625,3.9815714359283447,3.091553211212158,8.328125,616.015625
0.3,24,49152,2048,1984,64,1388,1388.0,1388,1388,0.6995967741935484,16.265625,3.083230495452881,3.157701015472412,8.40625,616.015625
0.3,25,51200,2048,1984,64,1388,1388.0,1388,1388,0.6995967741935484,16.265625,3.6981453895568848,3.0682647228240967,8.5,616.015625
0.3,26,53248,2048,1984,64,1388,1388.0,1388,1388,0.6995967741935484,16.265625,2.6981348991394043,2.6071557998657227,8.609375,616.015625
0.3,27,55296,2048,1984,64,1388,1388.0,1388,1388,0.6995967741935484,16.265625,3.9439949989318848,3.5904927253723145,8.78125,616.015625
0.3,28,57344,2048,1984,64,1388,1388.0,1388,1388,0.6995967741935484,16.265625,3.233489990234375,3.4595484733581543,8.84375,616.015625
0.3,29,59392,2048,1984,64,1388,1388.0,1388,1388,0.6995967741935484,16.265625,3.487527847290039,3.206766128540039,9.015625,616.015625
0.3,30,61440,2048,1984,64,1388,1388.0,1388,1388,0.6995967741935484,16.265625,4.1974687576293945,3.570664882659912,9.125,616.015625
0.3,31,63488,2048,1984,64,1388,1388.0,1388,1388,0.6995967741935484,16.265625,2.943896532058716,2.959847927093506,9.265625,616.015625
0.4,0,0,2048,1984,64,1190,1190.0,1190,1190,0.5997983870967742,13.9453125,4.5723981857299805,3.1056199073791504,3.296875,616.03125
0.4,1,2048,2048,1984,64,1190,1190.0,1190,1190,0.5997983870967742,13.9453125,2.3127691745758057,2.6149682998657227,3.390625,616.03125
0.4,2,4096,2048,1984,64,1190,1190.0,1190,1190,0.5997983870967742,13.9453125,2.7807555198669434,3.109891891479492,3.40625,616.03125
0.4,3,6144,2048,1984,64,1190,1190.0,1190,1190,0.5997983870967742,13.9453125,3.3917927742004395,3.7438807487487793,3.46875,616.03125
0.4,4,8192,2048,1984,64,1190,1190.0,1190,1190,0.5997983870967742,13.9453125,3.9696664810180664,3.8364944458007812,4.03125,616.03125
0.4,5,10240,2048,1984,64,1190,1190.0,1190,1190,0.5997983870967742,13.9453125,2.9434316158294678,3.3107786178588867,4.296875,616.03125
0.4,6,12288,2048,1984,64,1190,1190.0,1190,1190,0.5997983870967742,13.9453125,2.201889991760254,2.081423044204712,4.390625,616.03125
0.4,7,14336,2048,1984,64,1190,1190.0,1190,1190,0.5997983870967742,13.9453125,3.820265293121338,3.2562456130981445,4.5625,616.03125
0.4,8,16384,2048,1984,64,1190,1190.0,1190,1190,0.5997983870967742,13.9453125,3.8424460887908936,3.664155960083008,4.609375,616.03125
0.4,9,18432,2048,1984,64,1190,1190.0,1190,1190,0.5997983870967742,13.9453125,2.8934760093688965,2.9463634490966797,4.8125,616.03125
0.4,10,20480,2048,1984,64,1190,1190.0,1190,1190,0.5997983870967742,13.9453125,2.647390365600586,2.8197245597839355,4.875,616.03125
0.4,11,22528,2048,1984,64,1190,1190.0,1190,1190,0.5997983870967742,13.9453125,3.4305434226989746,3.3989603519439697,5.046875,616.03125
0.4,12,24576,2048,1984,64,1190,1190.0,1190,1190,0.5997983870967742,13.9453125,3.4768502712249756,3.2473249435424805,5.25,616.03125
0.4,13,26624,2048,1984,64,1190,1190.0,1190,1190,0.5997983870967742,13.9453125,3.6299657821655273,3.362694501876831,5.34375,616.03125
0.4,14,28672,2048,1984,64,1190,1190.0,1190,1190,0.5997983870967742,13.9453125,2.6949315071105957,2.332117795944214,5.46875,616.03125
0.4,15,30720,2048,1984,64,1190,1190.0,1190,1190,0.5997983870967742,13.9453125,2.7728018760681152,2.811673164367676,5.765625,616.03125
0.4,16,32768,2048,1984,64,1190,1190.0,1190,1190,0.5997983870967742,13.9453125,4.261356353759766,3.6546006202697754,5.890625,616.03125
0.4,17,34816,2048,1984,64,1190,1190.0,1190,1190,0.5997983870967742,13.9453125,2.8976969718933105,2.8976287841796875,5.984375,616.03125
0.4,18,36864,2048,1984,64,1190,1190.0,1190,1190,0.5997983870967742,13.9453125,3.153326988220215,3.4639716148376465,6.046875,616.03125
0.4,19,38912,2048,1984,64,1190,1190.0,1190,1190,0.5997983870967742,13.9453125,2.1738429069519043,2.401496410369873,6.296875,616.03125
0.4,20,40960,2048,1984,64,1190,1190.0,1190,1190,0.5997983870967742,13.9453125,2.8234429359436035,2.6475911140441895,6.375,616.03125
0.4,21,43008,2048,1984,64,1190,1190.0,1190,1190,0.5997983870967742,13.9453125,3.2188353538513184,3.17087459564209,6.609375,616.03125
0.4,22,45056,2048,1984,64,1190,1190.0,1190,1190,0.5997983870967742,13.9453125,3.2823758125305176,3.2372233867645264,6.6875,616.03125
0.4,23,47104,2048,1984,64,1190,1190.0,1190,1190,0.5997983870967742,13.9453125,3.8304572105407715,2.921461820602417,6.84375,616.03125
0.4,24,49152,2048,1984,64,1190,1190.0,1190,1190,0.5997983870967742,13.9453125,3.026707172393799,3.1447465419769287,6.9375,616.03125
0.4,25,51200,2048,1984,64,1190,1190.0,1190,1190,0.5997983870967742,13.9453125,3.7848992347717285,3.2159252166748047,7.125,616.03125
0.4,26,53248,2048,1984,64,1190,1190.0,1190,1190,0.5997983870967742,13.9453125,2.5468673706054688,2.672201633453369,7.296875,616.03125
0.4,27,55296,2048,1984,64,1190,1190.0,1190,1190,0.5997983870967742,13.9453125,3.8437578678131104,3.3596396446228027,7.390625,616.03125
0.4,28,57344,2048,1984,64,1190,1190.0,1190,1190,0.5997983870967742,13.9453125,2.894961357116699,3.140294075012207,7.484375,616.03125
0.4,29,59392,2048,1984,64,1190,1190.0,1190,1190,0.5997983870967742,13.9453125,3.5391130447387695,3.240190029144287,7.625,616.03125
0.4,30,61440,2048,1984,64,1190,1190.0,1190,1190,0.5997983870967742,13.9453125,4.261935234069824,3.9215340614318848,7.6875,616.03125
0.4,31,63488,2048,1984,64,1190,1190.0,1190,1190,0.5997983870967742,13.9453125,2.9490718841552734,2.9510462284088135,7.765625,616.03125
0.5,0,0,2048,1984,64,992,992.0,992,992,0.5,11.625,4.600050449371338,3.2336559295654297,3.046875,624.03125
0.5,1,2048,2048,1984,64,992,992.0,992,992,0.5,11.625,2.2641589641571045,2.556293249130249,3.265625,624.03125
0.5,2,4096,2048,1984,64,992,992.0,992,992,0.5,11.625,2.6787493228912354,3.1951961517333984,3.75,624.03125
0.5,3,6144,2048,1984,64,992,992.0,992,992,0.5,11.625,3.5518293380737305,3.7904298305511475,3.875,624.03125
0.5,4,8192,2048,1984,64,992,992.0,992,992,0.5,11.625,4.036115646362305,3.9034805297851562,4.046875,624.03125
0.5,5,10240,2048,1984,64,992,992.0,992,992,0.5,11.625,2.6951754093170166,3.136406660079956,4.171875,624.03125
0.5,6,12288,2048,1984,64,992,992.0,992,992,0.5,11.625,2.7726597785949707,2.618011474609375,4.328125,624.03125
0.5,7,14336,2048,1984,64,992,992.0,992,992,0.5,11.625,3.8882970809936523,3.285921573638916,4.5,624.03125
0.5,8,16384,2048,1984,64,992,992.0,992,992,0.5,11.625,3.6718177795410156,3.346397638320923,4.609375,624.03125
0.5,9,18432,2048,1984,64,992,992.0,992,992,0.5,11.625,2.8877010345458984,3.173496723175049,4.71875,624.03125
0.5,10,20480,2048,1984,64,992,992.0,992,992,0.5,11.625,2.7474098205566406,2.886662721633911,4.78125,624.03125
0.5,11,22528,2048,1984,64,992,992.0,992,992,0.5,11.625,3.4365367889404297,3.461467742919922,5.078125,624.03125
0.5,12,24576,2048,1984,64,992,992.0,992,992,0.5,11.625,3.2561838626861572,3.4076108932495117,5.15625,624.03125
0.5,13,26624,2048,1984,64,992,992.0,992,992,0.5,11.625,3.5976860523223877,3.205082416534424,5.21875,624.03125
0.5,14,28672,2048,1984,64,992,992.0,992,992,0.5,11.625,2.742793560028076,2.801342248916626,5.25,624.03125
0.5,15,30720,2048,1984,64,992,992.0,992,992,0.5,11.625,2.5915119647979736,2.5589542388916016,5.4375,624.03125
0.5,16,32768,2048,1984,64,992,992.0,992,992,0.5,11.625,3.7348380088806152,3.4330923557281494,5.546875,624.03125
0.5,17,34816,2048,1984,64,992,992.0,992,992,0.5,11.625,3.1835317611694336,3.3712964057922363,5.640625,624.03125
0.5,18,36864,2048,1984,64,992,992.0,992,992,0.5,11.625,3.025800943374634,3.5645837783813477,5.75,624.03125
0.5,19,38912,2048,1984,64,992,992.0,992,992,0.5,11.625,2.476766586303711,2.6319327354431152,5.859375,624.03125
0.5,20,40960,2048,1984,64,992,992.0,992,992,0.5,11.625,2.750943899154663,2.7344393730163574,6.0,624.03125
0.5,21,43008,2048,1984,64,992,992.0,992,992,0.5,11.625,2.8885350227355957,3.179157257080078,6.125,624.03125
0.5,22,45056,2048,1984,64,992,992.0,992,992,0.5,11.625,3.332714796066284,3.35178279876709,6.4375,624.03125
0.5,23,47104,2048,1984,64,992,992.0,992,992,0.5,11.625,3.5229713916778564,3.114250659942627,6.5,624.03125
0.5,24,49152,2048,1984,64,992,992.0,992,992,0.5,11.625,3.121519088745117,3.2267918586730957,6.578125,624.03125
0.5,25,51200,2048,1984,64,992,992.0,992,992,0.5,11.625,3.423846483230591,3.1666417121887207,6.703125,624.03125
0.5,26,53248,2048,1984,64,992,992.0,992,992,0.5,11.625,2.6478381156921387,2.5154147148132324,6.921875,624.03125
0.5,27,55296,2048,1984,64,992,992.0,992,992,0.5,11.625,3.6353888511657715,3.6667520999908447,7.234375,624.03125
0.5,28,57344,2048,1984,64,992,992.0,992,992,0.5,11.625,2.688267230987549,3.1860198974609375,7.3125,624.03125
0.5,29,59392,2048,1984,64,992,992.0,992,992,0.5,11.625,3.3162841796875,3.2651422023773193,7.390625,624.03125
0.5,30,61440,2048,1984,64,992,992.0,992,992,0.5,11.625,3.555635690689087,3.5806994438171387,7.453125,624.03125
0.5,31,63488,2048,1984,64,992,992.0,992,992,0.5,11.625,2.8377578258514404,3.1953277587890625,7.6875,624.03125
0.6,0,0,2048,1984,64,793,793.0,793,793,0.3996975806451613,9.29296875,4.525646686553955,3.1735637187957764,2.25,616.015625
0.6,1,2048,2048,1984,64,793,793.0,793,793,0.3996975806451613,9.29296875,2.201655864715576,2.7220942974090576,2.34375,616.015625
0.6,2,4096,2048,1984,64,793,793.0,793,793,0.3996975806451613,9.29296875,2.9154744148254395,3.1703779697418213,2.46875,616.015625
0.6,3,6144,2048,1984,64,793,793.0,793,793,0.3996975806451613,9.29296875,3.554919481277466,3.9616858959198,2.59375,616.015625
0.6,4,8192,2048,1984,64,793,793.0,793,793,0.3996975806451613,9.29296875,3.8854758739471436,3.6978378295898438,2.671875,616.015625
0.6,5,10240,2048,1984,64,793,793.0,793,793,0.3996975806451613,9.29296875,2.9315505027770996,3.171769380569458,3.1875,616.015625
0.6,6,12288,2048,1984,64,793,793.0,793,793,0.3996975806451613,9.29296875,1.8750522136688232,2.1480329036712646,3.25,616.015625
0.6,7,14336,2048,1984,64,793,793.0,793,793,0.3996975806451613,9.29296875,3.9686641693115234,3.3932390213012695,3.328125,616.015625
0.6,8,16384,2048,1984,64,793,793.0,793,793,0.3996975806451613,9.29296875,3.8055601119995117,3.567558765411377,3.40625,616.015625
0.6,9,18432,2048,1984,64,793,793.0,793,793,0.3996975806451613,9.29296875,2.8341705799102783,3.1755905151367188,3.625,616.015625
0.6,10,20480,2048,1984,64,793,793.0,793,793,0.3996975806451613,9.29296875,2.746152400970459,2.8287107944488525,3.703125,616.015625
0.6,11,22528,2048,1984,64,793,793.0,793,793,0.3996975806451613,9.29296875,3.3825135231018066,3.5522336959838867,3.875,616.015625
0.6,12,24576,2048,1984,64,793,793.0,793,793,0.3996975806451613,9.29296875,3.2613253593444824,3.4705309867858887,3.9375,616.015625
0.6,13,26624,2048,1984,64,793,793.0,793,793,0.3996975806451613,9.29296875,3.4142279624938965,3.3799540996551514,4.0,616.015625
0.6,14,28672,2048,1984,64,793,793.0,793,793,0.3996975806451613,9.29296875,2.7766785621643066,2.8544859886169434,4.171875,616.015625
0.6,15,30720,2048,1984,64,793,793.0,793,793,0.3996975806451613,9.29296875,2.676666498184204,2.5778841972351074,4.171875,616.015625
0.6,16,32768,2048,1984,64,793,793.0,793,793,0.3996975806451613,9.29296875,4.100552558898926,3.5887513160705566,4.390625,616.015625
0.6,17,34816,2048,1984,64,793,793.0,793,793,0.3996975806451613,9.29296875,3.071702003479004,3.3065168857574463,4.59375,616.015625
0.6,18,36864,2048,1984,64,793,793.0,793,793,0.3996975806451613,9.29296875,3.630128860473633,3.991811990737915,4.703125,616.015625
0.6,19,38912,2048,1984,64,793,793.0,793,793,0.3996975806451613,9.29296875,2.445577621459961,2.7176225185394287,4.8125,616.015625
0.6,20,40960,2048,1984,64,793,793.0,793,793,0.3996975806451613,9.29296875,2.4765093326568604,2.642518997192383,5.15625,616.015625
0.6,21,43008,2048,1984,64,793,793.0,793,793,0.3996975806451613,9.29296875,3.0216689109802246,3.2419164180755615,5.265625,616.015625
0.6,22,45056,2048,1984,64,793,793.0,793,793,0.3996975806451613,9.29296875,3.4052157402038574,3.4727485179901123,5.328125,616.015625
0.6,23,47104,2048,1984,64,793,793.0,793,793,0.3996975806451613,9.29296875,3.4303841590881348,3.1639695167541504,5.390625,616.015625
0.6,24,49152,2048,1984,64,793,793.0,793,793,0.3996975806451613,9.29296875,3.1849565505981445,3.3403005599975586,5.484375,616.015625
0.6,25,51200,2048,1984,64,793,793.0,793,793,0.3996975806451613,9.29296875,3.6118593215942383,3.1804418563842773,5.734375,616.015625
0.6,26,53248,2048,1984,64,793,793.0,793,793,0.3996975806451613,9.29296875,2.6338038444519043,2.7034735679626465,5.8125,616.015625
0.6,27,55296,2048,1984,64,793,793.0,793,793,0.3996975806451613,9.29296875,3.6069228649139404,3.7721621990203857,5.984375,616.015625
0.6,28,57344,2048,1984,64,793,793.0,793,793,0.3996975806451613,9.29296875,2.7288126945495605,3.1021249294281006,6.046875,616.015625
0.6,29,59392,2048,1984,64,793,793.0,793,793,0.3996975806451613,9.29296875,3.319502353668213,3.1046977043151855,6.09375,616.015625
0.6,30,61440,2048,1984,64,793,793.0,793,793,0.3996975806451613,9.29296875,3.8126916885375977,3.6898484230041504,6.328125,616.015625
0.6,31,63488,2048,1984,64,793,793.0,793,793,0.3996975806451613,9.29296875,2.7599079608917236,3.117119789123535,6.453125,616.015625
0.7,0,0,2048,1984,64,595,595.0,595,595,0.2998991935483871,6.97265625,4.006559371948242,3.101773738861084,2.859375,616.015625
0.7,1,2048,2048,1984,64,595,595.0,595,595,0.2998991935483871,6.97265625,2.332674026489258,2.604250907897949,3.34375,616.015625
0.7,2,4096,2048,1984,64,595,595.0,595,595,0.2998991935483871,6.97265625,2.7204246520996094,3.120783805847168,3.53125,616.015625
0.7,3,6144,2048,1984,64,595,595.0,595,595,0.2998991935483871,6.97265625,3.233236312866211,3.72436785697937,3.6875,616.015625
0.7,4,8192,2048,1984,64,595,595.0,595,595,0.2998991935483871,6.97265625,3.737881660461426,3.8357105255126953,3.796875,616.015625
0.7,5,10240,2048,1984,64,595,595.0,595,595,0.2998991935483871,6.97265625,2.6603434085845947,2.859318256378174,3.9375,616.015625
0.7,6,12288,2048,1984,64,595,595.0,595,595,0.2998991935483871,6.97265625,2.091498613357544,2.256951332092285,4.09375,616.015625
0.7,7,14336,2048,1984,64,595,595.0,595,595,0.2998991935483871,6.97265625,3.806001663208008,3.2685773372650146,4.234375,616.015625
0.7,8,16384,2048,1984,64,595,595.0,595,595,0.2998991935483871,6.97265625,3.5982632637023926,3.4329991340637207,4.375,616.015625
0.7,9,18432,2048,1984,64,595,595.0,595,595,0.2998991935483871,6.97265625,2.898547649383545,3.242027997970581,4.46875,616.015625
0.7,10,20480,2048,1984,64,595,595.0,595,595,0.2998991935483871,6.97265625,2.8747475147247314,2.858193874359131,4.5625,616.015625
0.7,11,22528,2048,1984,64,595,595.0,595,595,0.2998991935483871,6.97265625,3.438690662384033,3.649308204650879,4.84375,616.015625
0.7,12,24576,2048,1984,64,595,595.0,595,595,0.2998991935483871,6.97265625,3.2391862869262695,3.322756767272949,4.96875,616.015625
0.7,13,26624,2048,1984,64,595,595.0,595,595,0.2998991935483871,6.97265625,3.395465850830078,3.434037685394287,5.09375,616.015625
0.7,14,28672,2048,1984,64,595,595.0,595,595,0.2998991935483871,6.97265625,2.7338972091674805,2.874419689178467,5.40625,616.015625
0.7,15,30720,2048,1984,64,595,595.0,595,595,0.2998991935483871,6.97265625,2.6319479942321777,2.640377998352051,5.578125,616.015625
0.7,16,32768,2048,1984,64,595,595.0,595,595,0.2998991935483871,6.97265625,4.065911293029785,3.733581066131592,5.65625,616.015625
0.7,17,34816,2048,1984,64,595,595.0,595,595,0.2998991935483871,6.97265625,3.2482223510742188,3.3091864585876465,5.78125,616.015625
0.7,18,36864,2048,1984,64,595,595.0,595,595,0.2998991935483871,6.97265625,3.277406692504883,3.7145533561706543,5.921875,616.015625
0.7,19,38912,2048,1984,64,595,595.0,595,595,0.2998991935483871,6.97265625,2.2069883346557617,2.6360344886779785,5.984375,616.015625
0.7,20,40960,2048,1984,64,595,595.0,595,595,0.2998991935483871,6.97265625,2.2850985527038574,2.4122438430786133,6.125,616.015625
0.7,21,43008,2048,1984,64,595,595.0,595,595,0.2998991935483871,6.97265625,3.021167755126953,3.207811117172241,6.21875,616.015625
0.7,22,45056,2048,1984,64,595,595.0,595,595,0.2998991935483871,6.97265625,3.4133975505828857,3.4076123237609863,6.359375,616.015625
0.7,23,47104,2048,1984,64,595,595.0,595,595,0.2998991935483871,6.97265625,3.516972064971924,3.143813371658325,6.453125,616.015625
0.7,24,49152,2048,1984,64,595,595.0,595,595,0.2998991935483871,6.97265625,2.950180768966675,3.3381528854370117,6.53125,616.015625
0.7,25,51200,2048,1984,64,595,595.0,595,595,0.2998991935483871,6.97265625,3.929546594619751,3.2477521896362305,6.765625,616.015625
0.7,26,53248,2048,1984,64,595,595.0,595,595,0.2998991935483871,6.97265625,2.717433452606201,2.6421048641204834,6.921875,616.015625
0.7,27,55296,2048,1984,64,595,595.0,595,595,0.2998991935483871,6.97265625,3.0331974029541016,3.41255784034729,7.078125,616.015625
0.7,28,57344,2048,1984,64,595,595.0,595,595,0.2998991935483871,6.97265625,2.3448338508605957,2.7504611015319824,7.203125,616.015625
0.7,29,59392,2048,1984,64,595,595.0,595,595,0.2998991935483871,6.97265625,3.3066086769104004,3.0969254970550537,7.328125,616.015625
0.7,30,61440,2048,1984,64,595,595.0,595,595,0.2998991935483871,6.97265625,3.7376155853271484,3.794104814529419,7.453125,616.015625
0.7,31,63488,2048,1984,64,595,595.0,595,595,0.2998991935483871,6.97265625,2.8439102172851562,3.179938316345215,7.78125,616.015625
0.8,0,0,2048,1984,64,396,396.0,396,396,0.19959677419354838,4.640625,3.8450517654418945,3.1284074783325195,3.40625,616.03125
0.8,1,2048,2048,1984,64,396,396.0,396,396,0.19959677419354838,4.640625,2.2689363956451416,2.5289344787597656,4.125,616.03125
0.8,2,4096,2048,1984,64,396,396.0,396,396,0.19959677419354838,4.640625,2.8384413719177246,3.313016653060913,4.359375,616.03125
0.8,3,6144,2048,1984,64,396,396.0,396,396,0.19959677419354838,4.640625,3.269068479537964,3.801858901977539,4.390625,616.03125
0.8,4,8192,2048,1984,64,396,396.0,396,396,0.19959677419354838,4.640625,3.7070775032043457,3.8995399475097656,4.390625,616.03125
0.8,5,10240,2048,1984,64,396,396.0,396,396,0.19959677419354838,4.640625,2.4076120853424072,2.8890914916992188,4.390625,616.03125
0.8,6,12288,2048,1984,64,396,396.0,396,396,0.19959677419354838,4.640625,1.9046567678451538,2.1909947395324707,4.453125,616.03125
0.8,7,14336,2048,1984,64,396,396.0,396,396,0.19959677419354838,4.640625,3.8414907455444336,3.336937427520752,4.453125,616.03125
0.8,8,16384,2048,1984,64,396,396.0,396,396,0.19959677419354838,4.640625,3.6628994941711426,3.249450922012329,4.515625,616.03125
0.8,9,18432,2048,1984,64,396,396.0,396,396,0.19959677419354838,4.640625,2.777913808822632,3.2383761405944824,4.609375,616.03125
0.8,10,20480,2048,1984,64,396,396.0,396,396,0.19959677419354838,4.640625,2.6613640785217285,2.9616570472717285,4.75,616.03125
0.8,11,22528,2048,1984,64,396,396.0,396,396,0.19959677419354838,4.640625,3.429553985595703,3.6825504302978516,4.921875,616.03125
0.8,12,24576,2048,1984,64,396,396.0,396,396,0.19959677419354838,4.640625,3.285642147064209,3.4632081985473633,5.015625,616.03125
0.8,13,26624,2048,1984,64,396,396.0,396,396,0.19959677419354838,4.640625,3.3044304847717285,3.51271653175354,5.125,616.03125
0.8,14,28672,2048,1984,64,396,396.0,396,396,0.19959677419354838,4.640625,2.589576244354248,2.767221212387085,5.234375,616.03125
0.8,15,30720,2048,1984,64,396,396.0,396,396,0.19959677419354838,4.640625,2.5711448192596436,2.8395793437957764,5.390625,616.03125
0.8,16,32768,2048,1984,64,396,396.0,396,396,0.19959677419354838,4.640625,3.4118905067443848,3.4383769035339355,5.5,616.03125
0.8,17,34816,2048,1984,64,396,396.0,396,396,0.19959677419354838,4.640625,3.3915719985961914,3.349149227142334,5.53125,616.03125
0.8,18,36864,2048,1984,64,396,396.0,396,396,0.19959677419354838,4.640625,3.333885908126831,3.7266993522644043,5.65625,616.03125
0.8,19,38912,2048,1984,64,396,396.0,396,396,0.19959677419354838,4.640625,2.326557159423828,2.731245517730713,5.875,616.03125
0.8,20,40960,2048,1984,64,396,396.0,396,396,0.19959677419354838,4.640625,2.3226499557495117,2.4439048767089844,6.0625,616.03125
0.8,21,43008,2048,1984,64,396,396.0,396,396,0.19959677419354838,4.640625,2.8803088665008545,3.216564893722534,6.140625,616.03125
0.8,22,45056,2048,1984,64,396,396.0,396,396,0.19959677419354838,4.640625,3.4436984062194824,3.5777463912963867,6.296875,616.03125
0.8,23,47104,2048,1984,64,396,396.0,396,396,0.19959677419354838,4.640625,3.6622185707092285,3.1166083812713623,6.375,616.03125
0.8,24,49152,2048,1984,64,396,396.0,396,396,0.19959677419354838,4.640625,3.005887985229492,3.2650535106658936,6.515625,616.03125
0.8,25,51200,2048,1984,64,396,396.0,396,396,0.19959677419354838,4.640625,3.448150634765625,3.0385379791259766,6.6875,616.03125
0.8,26,53248,2048,1984,64,396,396.0,396,396,0.19959677419354838,4.640625,2.5523874759674072,2.624274253845215,6.8125,616.03125
0.8,27,55296,2048,1984,64,396,396.0,396,396,0.19959677419354838,4.640625,2.93914794921875,3.508559226989746,6.9375,616.03125
0.8,28,57344,2048,1984,64,396,396.0,396,396,0.19959677419354838,4.640625,2.317006826400757,2.7387890815734863,7.015625,616.03125
0.8,29,59392,2048,1984,64,396,396.0,396,396,0.19959677419354838,4.640625,3.383669137954712,3.1754775047302246,7.125,616.03125
0.8,30,61440,2048,1984,64,396,396.0,396,396,0.19959677419354838,4.640625,3.478102207183838,3.923386335372925,7.359375,616.03125
0.8,31,63488,2048,1984,64,396,396.0,396,396,0.19959677419354838,4.640625,2.7319324016571045,3.1376523971557617,7.390625,616.03125
